{"cameraMode":{"drawMode":0,"name":"Shaded","section":"Shading Mode"},"sceneLighting":false,"audioPlay":false,"sceneViewState":{"showFog":true,"showMaterialUpdate":false,"showSkybox":true,"showFlares":true,"showImageEffects":true,"showParticleSystems":true,"showVisualEffectGraphs":true,"m_FxEnabled":true},"in2DMode":false,"pivot":{"x":-2.6820690631866457,"y":8.280738830566407,"z":10.866536140441895},"rotation":{"x":-0.034534092992544177,"y":0.9575034379959106,"z":-0.2554440498352051,"w":-0.12945476174354554},"size":3.4456987380981447,"orthographic":false}