{"cameraMode":{"drawMode":0,"name":"Shaded","section":"Shading Mode"},"sceneLighting":true,"audioPlay":false,"sceneViewState":{"showFog":true,"showMaterialUpdate":false,"showSkybox":true,"showFlares":true,"showImageEffects":true,"showParticleSystems":true,"showVisualEffectGraphs":true,"m_FxEnabled":true},"in2DMode":false,"pivot":{"x":-0.9086320400238037,"y":-1.6531109809875489,"z":3.5718154907226564},"rotation":{"x":0.17689386010169984,"y":-0.028659505769610406,"z":0.005134257022291422,"w":0.9837729930877686},"size":12.12435531616211,"orthographic":false}